9789502806990,Tokio Blues,Haruki Murakami,Norwegian Wood-The Beatles-Tokio-violencia,novela,340,10,
9789502804245,El código Da Vinci,Dan Brown,Da Vinci-arte-policial-Dan Brown-Sophie Neveu-Louvre-Robert Langdon,novela,540,12900,
9789502844322,La catedral del mar,Ildefonso Falcones,religión-Barcelona-Iglesia-Arnau-Judío-Católico-Inquisición,novela,650,18900,
9789502844009,El niño con el pijama de rayas,John Boyne,nazismo-Judío-valores humanos-Auschwitz,novela,320,14500,
9789504979043,Los Güemes,Felipe Pigna,historia argentina-Invasiones Inglesas-Revolución de Mayo,historia,430,13200,
9789504979223,Hábitos atómicos,James Clear,autoayuda-pequeños objetivos-decisiones,autoayuda,210,14600,
